# Desquines et al., J. Nucl. Mater. 453 (2014) 131, рис. 11 и 12: трубы SRA Zry-4 под постоянным давлением
# (EDF — Bouffioux, Racine; ANL — Billone, M5 RXA). Значения сняты с графика: H ±5 wppm, σ ±3 МПа.
# RHF — доля радиальных гидридов по анализу изображения (подписи точек на рисунке).
source,Tmax_C,H_wppm,sigma_MPa,RHF
EDF,350,120,213,1.00
EDF,350,80,150,0.64
EDF,350,155,150,0.60
EDF,350,195,150,0.51
EDF,350,295,150,0.41
EDF,350,308,150,0.33
EDF,350,325,107,0.20
EDF,400,175,150,0.98
EDF,400,270,182,0.75
EDF,400,200,107,0.35
EDF,400,295,107,0.26
EDF,400,250,85,0.22
EDF,400,200,64,0.00
EDF,400,320,0,0.00
EDF,400,570,150,0.28
EDF,400,605,150,0.30
EDF,380,130,190,0.88
EDF,380,190,150,0.60
EDF,380,308,150,0.55
EDF,380,480,150,0.35
EDF,420,110,107,0.48
Racine,400,245,138,0.64
Racine,400,228,92,0.18
Racine,400,558,138,0.12
Racine,400,565,92,0.10
