time,ur,eps_nom,Fx,Fz,epsm_IN_Z0,epsmax_IN_Z0,epsmin_IN_Z0,phimax_IN_Z0,epsm_OUT_Z0,epsmax_OUT_Z0,epsmin_OUT_Z0,phimax_OUT_Z0,epsm_IN_ZTOP,epsmax_IN_ZTOP,epsmin_IN_ZTOP,phimax_IN_ZTOP,epsm_OUT_ZTOP,epsmax_OUT_ZTOP,epsmin_OUT_ZTOP,phimax_OUT_ZTOP,tmin_Z0,phitmin_Z0,tmin_ZTOP,phitmin_ZTOP,hs_z0_phi,hs_z0_r,hs_z0_peeq,hs_z0_eta,hs_z0_szz_stt,hs_z0_srr_stt,hs_z0_eta_avg,hs_z0_szz_stt_avg,hs_z0_peeq_avg,hs_ztop_phi,hs_ztop_r,hs_ztop_peeq,hs_ztop_eta,hs_ztop_szz_stt,hs_ztop_srr_stt,hs_ztop_eta_avg,hs_ztop_szz_stt_avg,hs_ztop_peeq_avg
0.025,0.05,0.009090909090909092,338.7096,1911.1565153591005,0.008804648637272655,0.010082825364249592,0.008137219377097596,19.943181819877275,0.0072202823448879825,0.008073719869338428,0.005372163390808917,5.625000001151437,0.008799210809477986,0.011887970751087888,0.007643970945441448,20.96590909169008,0.007216103615961111,0.007949567349866541,0.0056966802788765755,11.761363636101244,0.9959521100598875,15.340909094996315,0.9954272138118627,17.386363633667564,20.96590909329277,5.54977895804568,0.005367764,0.36267507960180373,0.1415000429028042,-0.06988371824320123,0.3477667161617392,0.08305810321285637,0.0037774055624999994,19.94318181830504,5.549778957998631,0.008476848,0.18658606153355786,-0.013349591378576902,-0.3175513894728115,0.2487980130505115,0.004275572892195833,0.005999158520833332
0.05,0.1,0.018181818181818184,348.2527,1965.003107666267,0.01755131495851139,0.020054436799772323,0.0162619559088306,19.943181819877275,0.014330248968466446,0.016007628349201983,0.010779448971760365,7.670454546187576,0.017544144473904472,0.023197583365873114,0.01532513913904381,20.96590909169008,0.014328392747849365,0.015771412300205845,0.011256115852611848,10.738636363016308,0.9912874802583141,14.318181817175782,0.9903983674910359,17.386363633667564,20.96590909329277,5.54977895804568,0.01508048,0.3725886993620362,0.13793788237560492,-0.05062578412378769,0.35355602444115425,0.08503603263944833,0.012250268187500002,20.96590909329277,5.54977895804568,0.02092826,0.2602364869803208,0.039223497803987574,-0.17711818819405523,0.28735874728024613,0.005020125598991956,0.014585511604166664
0.075,0.15,0.02727272727272727,353.7938,1996.2685615159844,0.026221992976391086,0.02929137570548123,0.02460068468013777,19.943181819877275,0.02139460753132865,0.02408268406311627,0.01582238524200867,5.625000001151437,0.026217271752243004,0.03456729209818299,0.022950284955404295,19.943181819877275,0.021399478598363005,0.02353601636714175,0.01687863482041936,11.761363636101244,0.9867852089294705,14.318181817175782,0.9854494068388393,17.386363633667564,19.94318181830504,5.549778957998631,0.02406227,0.33247758166114305,0.09435780771796913,-0.08700474830578887,0.3314667223892146,0.07431209006462253,0.021682450000000002,20.96590909329277,5.54977895804568,0.03293302,0.25991447715658644,0.02760164187239826,-0.1683591276724188,0.2902151742806283,0.004798667553322567,0.024026199374999998
0.1,0.2,0.03636363636363637,357.9752,2019.8619579042843,0.034810638469427786,0.03843319562734464,0.032813050517118525,19.943181819877275,0.028408204485173894,0.032094314337317985,0.020910325199462648,3.5795454527717845,0.034808819744864314,0.045786170658785263,0.030596758041538608,19.943181819877275,0.028420821655502564,0.03120403306213119,0.022443678114441187,10.738636363016308,0.9823303038765866,14.318181817175782,0.980593267906133,17.386363633667564,19.94318181830504,5.549778957998631,0.03320079,0.33563708700570305,0.09971782790151586,-0.08539562955725152,0.3336236380473983,0.07317830168076724,0.029993915833333332,20.96590909329277,5.54977895804568,0.04457937,0.2576522688172117,0.022031394976753316,-0.16842657922272922,0.29124231451561094,0.004707030035330575,0.03322120375000001
0.125,0.25,0.045454545454545456,360.7456,2035.493838459636,0.04332940995762777,0.04738696896434068,0.040982094967579846,19.943181819877275,0.035380436760781474,0.04012169207374788,0.02596712084108534,0.5113636346432906,0.04333180896107434,0.056764412862591686,0.03821404051656452,19.943181819877275,0.03540288764340571,0.03881588336859008,0.028001460264569948,10.738636363016308,0.9779440576865817,14.318181817175782,0.9758198011894589,17.386363633667564,19.94318181830504,5.549778957998631,0.0422257,0.33959595353977257,0.10047472510338627,-0.07851496164010874,0.3347285216218509,0.0706771379532368,0.03816262395833333,20.96590909329277,5.54977895804568,0.05580786,0.25567800280041575,0.014715956095889481,-0.16659700059188748,0.29252865188000254,0.004496863407598689,0.042220971666666655
0.15,0.3,0.05454545454545454,362.6767,2046.3899994979115,0.051776020582190954,0.0565639422204156,0.04898097069079872,19.943181819877275,0.04230842689924072,0.047965505624746975,0.031004573099601626,0.5113636346432906,0.05177245602232187,0.06871099044026369,0.04579285754016121,19.943181819877275,0.042337451756834704,0.0466169818026572,0.03308745797910869,12.784090907415326,0.9735327601202354,14.318181817175782,0.9708315430872663,17.386363633667564,19.94318181830504,5.549778957998631,0.05207004,0.35927678869922497,0.1287914167040706,-0.06386089763190053,0.34039573708260207,0.0717003750192351,0.04637693958333333,19.94318181830504,5.549778957998631,0.06436326,0.23898228973487573,-0.06353001829027313,-0.12351109972998556,0.27883430139788973,0.0015612959951279164,0.05630668833333336
0.175,0.35,0.06363636363636363,364.1992,2054.980649998028,0.06015174823342476,0.0654681775485339,0.056897877755204086,19.943181819877275,0.04919369545344942,0.055744677906262675,0.03603158368573091,0.5113636346432906,0.060148232463732944,0.07977999947075778,0.053325089285274796,19.943181819877275,0.04923241344980515,0.05438713197652104,0.03811959781051081,12.784090907415326,0.9691345745377964,14.318181817175782,0.9659958102294206,17.386363633667564,19.94318181830504,5.549778957998631,0.06142885,0.36264593631285597,0.12650387803776697,-0.05621614630470503,0.3430964658461087,0.07139335210157455,0.054477435208333334,19.94318181830504,5.549778957998631,0.07679878,0.3080949610211501,0.09935904583265229,-0.12005196267709048,0.28168663817414114,0.0017719625578583621,0.06558925291666667
0.2,0.4,0.07272727272727274,364.9291,2059.0990840210397,0.06845890653799516,0.07335954066298556,0.06513940215810643,18.920454545172714,0.05603425499552201,0.06424936601149073,0.04040046884424782,0.5113636346432906,0.06845903574755789,0.09080438178063738,0.06067261799843834,19.943181819877275,0.05609075401198195,0.06209282207004426,0.04350431880959706,12.784090907415326,0.9650363749999993,0.0,0.9611779075150616,17.386363633667564,19.94318181830504,5.549778957998631,0.06949692,0.362536595945053,0.11950765529742477,-0.05076319025933867,0.3414297194772085,0.06536203762838927,0.06154996395833332,19.94318181830504,5.549778957998631,0.0896299,0.30043600322261244,0.08449397305923974,-0.12333718396387502,0.2838399640884566,0.001722447004842152,0.07498838020833336
0.225,0.45,0.08181818181818182,365.4881,2062.2532210519526,0.07669859938230851,0.0815647772979506,0.07328766035932426,18.920454545172714,0.06283354655851887,0.07260187698000152,0.04486828415327719,0.5113636346432906,0.07670598834928305,0.10140123612101418,0.06813216662463815,19.943181819877275,0.06291001338658465,0.06969167160397859,0.04879736446618614,12.784090907415326,0.9604267499999999,0.0,0.9565030046321082,17.386363633667564,19.94318181830504,5.549778957998631,0.07738005,0.36499655115970975,0.11195295809257075,-0.04048477300489867,0.34118331500276966,0.06081148528671438,0.06860982979166667,19.94318181830504,5.549778957998631,0.1018521,0.2941567618191036,0.07395744717481688,-0.1270652526987193,0.2850123116071992,0.0015662550275287353,0.08408375979166664
0.25,0.5,0.09090909090909091,365.8058,2064.0458316686268,0.08486996623735138,0.08970595626840164,0.0812206431389045,18.920454545172714,0.06959017426623124,0.08086185866240053,0.049338430312742584,0.5113636346432906,0.08488670789715165,0.11155214544936926,0.07557458334756086,19.943181819877275,0.06968893471741434,0.07726895203363741,0.05391905237313203,12.784090907415326,0.9559002499999993,0.0,0.9518581944980596,17.386363633667564,19.94318181830504,5.549778957998631,0.08515543,0.3690325150245416,0.11014125314353107,-0.03219113480161094,0.3437590599618245,0.059100982264385586,0.07562288104166669,19.94318181830504,5.549778957998631,0.1133097,0.2909474434887185,0.0629315294740773,-0.12465191393651762,0.28771803539662866,0.0015549698221996985,0.09282887833333336
0.275,0.55,0.1,365.7194,2063.5583228323644,0.09297533192963955,0.09756054047574617,0.08925149856027753,0.5113636359733048,0.07630220125394388,0.08978387388723529,0.05317697553654316,0.5113636346432906,0.09300364546308695,0.12173272875127662,0.08278011963721593,19.943181819877275,0.07643291993330165,0.08478890376351716,0.059195231356236326,12.784090907415326,0.9509845000000008,0.0,0.9473222685347268,17.386363633667564,0.5113636358420657,5.549778958054347,0.09251634,0.26999157153202374,-0.015428492437670676,-0.11770285156859568,0.27378739791468404,-0.015045365731794201,0.09121388656249999,19.94318181830504,5.549778957998631,0.1248528,0.28576882769258094,0.05461390260237856,-0.12822949614256032,0.2893151200339922,0.0016946396324918388,0.10165880104166669
0.3,0.6,0.10909090909090909,365.4713,2062.1584276671238,0.10101312330065378,0.10692693222000392,0.0960746089725633,0.5113636359733048,0.0829713761331877,0.09827053084685085,0.05729832196005459,0.5113636346432906,0.10105935642849902,0.13197380267523157,0.09018770672351199,19.943181819877275,0.08313612324595292,0.09225002768475639,0.06421146175267724,12.784090907415326,0.9463467500000002,0.0,0.9428572189713285,17.386363633667564,0.5113636358420657,5.549778958054347,0.1019268,0.2693184559902849,-0.017003801434350797,-0.11773136284768479,0.2731543711169708,-0.016602217839017493,0.10047317281250001,19.94318181830504,5.549778957998631,0.1366084,0.2781008719630579,0.05582375122515915,-0.14298491813209413,0.2855913477306008,0.0013598288922397404,0.11044465479166665
0.325,0.65,0.11818181818181818,365.0349,2059.696056646926,0.10898899274517705,0.11704883190201791,0.10245787890443561,0.5113636359733048,0.089600920942401,0.10724424895230479,0.061093856955101604,0.5113636346432906,0.10902130273707986,0.13932766161629767,0.09727035245785651,18.920454545172714,0.08979190901126889,0.10063242260052198,0.06852338486292779,12.784090907415326,0.94139475,0.0,0.9378042205386442,17.386363633667564,0.5113636358420657,5.549778958054347,0.1120971,0.2751767496819784,-0.008239450998160678,-0.11298961870287354,0.27865249135798337,-0.008284674870589093,0.1104622375,19.94318181830504,5.549778957998631,0.1407965,0.3877383765674587,0.020057436093198353,0.08733574287689934,0.3173414500549,0.003513685362186225,0.11757247479166665
0.35,0.7,0.12727272727272726,364.3729,2055.960745887598,0.11690202378356249,0.12842518629370958,0.10761882499571912,0.5113636359733048,0.09618413031959365,0.11714756325445837,0.06398938709911027,0.5113636346432906,0.11694333167733979,0.1506647255601748,0.1040544921442572,18.920454545172714,0.09642599800478426,0.1085690779965441,0.07344753642020987,12.784090907415326,0.9358711249999998,0.0,0.9330147517129428,17.386363633667564,0.5113636358420657,5.549778958054347,0.1235387,0.28162610452495196,0.0025764219119772504,-0.10899893598644879,0.2848530625171898,0.0020307037625475312,0.12168035937500003,18.92045454510332,5.549778958142955,0.1483891,0.3389245876789587,0.12828234420653928,-0.07803456874272821,0.28356773980453354,0.0011514000821625486,0.1358743270833333
0.375,0.75,0.13636363636363635,363.5645,2051.3993784890467,0.12475378490949843,0.14032495611632229,0.11220993770167245,0.5113636359733048,0.10272509819301198,0.12745395189699937,0.06651970696925454,0.5113636346432906,0.12481098325006272,0.16165449785705735,0.11050124418708773,18.920454545172714,0.10302934519726022,0.11641559412829719,0.07836763751501823,12.784090907415326,0.9301057500000001,0.0,0.9284120213913589,17.386363633667564,0.5113636358420657,5.549778958054347,0.1355211,0.28579118456236635,0.010286956351681243,-0.10715976233009235,0.2889370439908784,0.009443703593972372,0.1334187,18.92045454510332,5.549778958142955,0.1614141,0.3306037977794469,0.11598330175202158,-0.08308862384208177,0.28586927821583186,0.0013847983160095018,0.14490973124999998
0.4,0.8,0.14545454545454548,362.6751,2046.3809715564994,0.13254407887568337,0.15232060475859993,0.11662760634664765,0.5113636359733048,0.1092246473915997,0.13784165548509164,0.0689371292983562,0.5113636346432906,0.13262463377881117,0.17229864667827066,0.11692546063121759,18.920454545172714,0.10959989449621113,0.12414680496438636,0.08319014505470451,12.784090907415326,0.9243016249999993,0.0,0.9239387753253925,17.386363633667564,0.5113636358420657,5.549778958054347,0.1476058,0.28848781086779013,0.015342163004510884,-0.10605411362080955,0.2915184115148399,0.014493189786255517,0.14526092499999999,18.92045454510332,5.549778958142955,0.1739481,0.32470423593812026,0.10753006198986535,-0.08659750212991871,0.28650268315227134,0.001220775962010529,0.15372088541666667
0.425,0.85,0.15454545454545454,361.7785,2041.3219388875966,0.1402736785773726,0.1644222570950711,0.12093933012273864,0.5113636359733048,0.11568330323955477,0.14831657461535175,0.07125683503671032,0.5113636346432906,0.1403821890166424,0.18241354501240445,0.12340979766563906,18.920454545172714,0.11613652118973326,0.1318531361727027,0.08781419558786607,12.784090907415326,0.9184646249999997,0.0,0.9195349516615082,17.386363633667564,0.5113636358420657,5.549778958054347,0.1598089,0.29136142744351784,0.020007644732487756,-0.1042527359121628,0.29409863079320325,0.018842152352478075,0.15721073749999998,18.92045454510332,5.549778958142955,0.1855223,0.3231047986856492,0.09690389656506096,-0.08132250091674195,0.28860218095115364,0.0011434585372267392,0.16216524791666667
0.45,0.9,0.16363636363636364,360.8312,2035.9768333251927,0.1479446146547788,0.1775329887137088,0.1244705341097303,0.5113636359733048,0.12209908292910451,0.15955197900333196,0.07296666929506217,0.5113636346432906,0.14808935286905875,0.19236045858688477,0.1296937859253199,18.920454545172714,0.12264813237974924,0.13954447489004843,0.09245547442501814,12.784090907415326,0.9121648750000002,0.0,0.9151456261680226,16.363636367003064,0.5113636358420657,5.549778958054347,0.1730373,0.29709142661300614,0.029151176383868285,-0.10060694890589056,0.2995375405061426,0.02760528186349945,0.17014990937500005,18.92045454510332,5.549778958142955,0.1970206,0.315535169738203,0.0887344127586553,-0.08847865978242045,0.2907781697537746,0.001148243625353742,0.17043788124999995
0.475,0.95,0.17272727272727273,359.7101,2029.6510676268804,0.1555559714802929,0.19135866409527585,0.12786472150568717,0.5113636359733048,0.1284719092414484,0.17124825129024304,0.07433652132700246,0.5113636346432906,0.15575394299488374,0.2032259501440201,0.1358431456003863,18.920454545172714,0.12913253654309795,0.14745218920941666,0.09664628490979581,12.784090907415326,0.9055703750000001,0.0,0.9105922891578618,16.363636367003064,0.5113636358420657,5.549778958054347,0.1870052,0.30248566057855486,0.03778906337910738,-0.09730674805559343,0.30516639617439156,0.03678026032831535,0.18381916562499998,18.92045454510332,5.549778958142955,0.2101212,0.30255065006650966,0.09294147576477475,-0.11038326582749805,0.2825961850574351,0.0005368156756664084,0.1791047354166667
0.5,1.0,0.18181818181818182,358.4328,2022.4439491481946,0.16311192350984155,0.20744395689674702,0.12997685578158488,0.5113636359733048,0.13480367640865754,0.18455209312622067,0.0747233399738248,0.5113636346432906,0.16333709998869153,0.2108021841830794,0.1414825346001756,18.920454545172714,0.13559881348564137,0.15619979066563247,0.10036591842301962,12.784090907415326,0.8979626249999997,0.0,0.9055764615515889,16.363636367003064,0.5113636358420657,5.549778958054347,0.2032822,0.31122227712738915,0.05222727014069347,-0.09255669544703432,0.3135516472842254,0.050667828720703495,0.19970206249999994,18.92045454510332,5.549778958142955,0.214972,0.4171973303259885,0.03559890677873644,0.1278974181851529,0.3215395740385023,0.004817826046290027,0.1860154479166667
0.525,1.05,0.19090909090909092,357.0729,2014.7707631941007,0.17061167189894874,0.22488333300019758,0.13112699317257384,0.5113636359733048,0.1410932491915406,0.1988119100057219,0.07449824238764358,0.5113636346432906,0.17090320310204413,0.2179686684883351,0.14700194042060824,18.920454545172714,0.14205891158282447,0.16453082472624408,0.10441718688364139,12.784090907415326,0.8897307499999998,0.0,0.9008745820003359,16.363636367003064,0.5113636358420657,5.549778958054347,0.2209685,0.31966726226130415,0.06540934031172334,-0.08751535871037598,0.3216751784490646,0.06349826786117398,0.216932234375,18.92045454510332,5.549778958142955,0.2214728,0.4148120713507173,0.0453354761968766,0.11338581998362363,0.3227189817413957,0.0044190362718841796,0.19311776666666666
0.55,1.1,0.2,355.5854,2006.3775989123776,0.17805705999445506,0.24326876071933637,0.13203639052293026,0.5113636359733048,0.1473467387310874,0.21373980956382704,0.07417189706255085,0.5113636346432906,0.17843523509507905,0.2253971703703825,0.1524458116497292,17.89772727130995,0.1485028321075651,0.17286390234808424,0.1081884168329405,12.784090907415326,0.8810487499999999,0.0,0.8963145329883477,16.363636367003064,0.5113636358420657,5.549778958054347,0.2396436,0.32869230176020836,0.07875855532239318,-0.08173753831685374,0.330277633829922,0.07626399865163469,0.235091934375,18.92045454510332,5.549778958142955,0.2277655,0.4123198173022514,0.049215355253480156,0.10535008822131949,0.32348642032619285,0.004395656403608888,0.19973612083333345
0.575,1.15,0.20909090909090908,353.9557,1997.1820763376388,0.18544872004456645,0.2626305682058897,0.1328483854161712,0.5113636359733048,0.15356704547899822,0.22927113509761635,0.07382424390025312,0.5113636346432906,0.18593583986401213,0.2356907776596663,0.1578168304146074,17.89772727130995,0.15493031321261638,0.18126367610011038,0.11157126701951446,12.784090907415326,0.8719374999999998,0.0,0.8920229646516281,16.363636367003064,0.5113636358420657,5.549778958054347,0.2593136,0.3375526129533125,0.09175912163750663,-0.0762178169305759,0.339984564342052,0.09010514073874389,0.25418519375,17.897727273896468,5.549778958297021,0.2358393,0.20044487052154766,-0.03226214940697107,-0.2378677756669933,0.2886108513932559,0.001704584166828464,0.21955144166666665
0.6,1.2,0.21818181818181817,352.1941,1987.2423128427258,0.1927855641100965,0.28281746512845224,0.13370243048434097,0.5113636359733048,0.15975358657779504,0.24531301904345132,0.07346837402108009,0.5113636346432906,0.19340601993953832,0.24552577302819828,0.16315123351297137,17.89772727130995,0.16134056249416015,0.1897124294829021,0.11447706148370206,12.784090907415326,0.8624387499999999,0.0,0.8878708227142089,16.363636367003064,0.5113636358420657,5.549778958054347,0.2798355,0.34666831303059154,0.10511721441078814,-0.070760598604764,0.3488465339670913,0.10310523441685467,0.2740685875,17.897727273896468,5.549778958297021,0.2476579,0.34023227673808126,0.13478539636632403,-0.06780001949963337,0.2876872099392921,0.0020940910915602552,0.2271263
0.625,1.25,0.22727272727272727,350.3773,1976.9910853690894,0.2000712292938761,0.3037275385085557,0.13458069257165467,0.5113636359733048,0.16590984749600077,0.2618254061456203,0.07312770152133703,0.5113636346432906,0.20084390266643412,0.25459763087154325,0.16855950934933,17.89772727130995,0.16773346362941047,0.19822055004752195,0.11690627191467896,12.784090907415326,0.8526249999999993,0.0,0.8838526179503491,16.363636367003064,0.5113636358420657,5.549778958054347,0.3011225,0.35584772309592677,0.11775970347353035,-0.06482976411933977,0.3575328610050173,0.11505061184110858,0.29463275000000005,17.897727273896468,5.549778958297021,0.2583096,0.3410532096624778,0.12948654578869834,-0.062000946170215156,0.288708351584805,0.0023637813825373027,0.2341386625
0.65,1.3,0.23636363636363636,348.3824,1965.7349351669993,0.20730499581145573,0.3256627951211754,0.13562007542319843,0.5113636359733048,0.1720394129149342,0.27898975991459124,0.07282061273909163,0.5113636346432906,0.20825893939151474,0.2642712510587545,0.1739241740814673,17.89772727130995,0.1741090800642946,0.2070020499697515,0.11833615334574882,12.784090907415326,0.8423799999999995,0.0,0.8797779961262981,16.363636367003064,0.5113636358420657,5.549778958054347,0.3235073,0.36654999968529545,0.1305941681691147,-0.05666453829045467,0.36774093071380726,0.12771416134914815,0.316188384375,17.897727273896468,5.549778958297021,0.2703356,0.33018193652920674,0.1405439117116354,-0.08307333864811683,0.2832818555482428,0.0018999900286910218,0.2412063104166667
0.675,1.35,0.24545454545454548,346.2244,1953.5584991871956,0.214487219819924,0.34844885391167124,0.13668076381926061,0.5113636359733048,0.17814144150564515,0.2966069276894877,0.07253417973026523,0.5113636346432906,0.2156138896488641,0.27350706387499085,0.1794212832116042,17.89772727130995,0.1804616355510886,0.21631443084841456,0.11921094710386623,12.784090907415326,0.8317549999999998,0.0,0.8753581104544067,15.340909094996315,0.5113636358420657,5.549778958054347,0.346829,0.37763854633311295,0.14462065505271543,-0.04914751087460147,0.3780819354551371,0.14119429368271297,0.33860511562500006,17.897727273896468,5.549778958297021,0.2812373,0.5837040963846694,0.1483199715687988,0.2775500554831497,0.32170592917092433,0.0061897520421638165,0.2470347229166667
0.7,1.4,0.2545454545454545,344.0479,1941.2776776348126,0.22161970094928649,0.3721548964232519,0.13756627933471996,0.5113636359733048,0.18421781256818232,0.31484348361639286,0.07223295173787492,0.5113636346432906,0.22294112652493928,0.2773108192709784,0.18506634849804643,17.89772727130995,0.1868031901987036,0.2252007469228769,0.1200313535408252,12.784090907415326,0.8206974999999996,0.0,0.8712078174994818,15.340909094996315,0.5113636358420657,5.549778958054347,0.3711341,0.39026560041554625,0.15988515132738976,-0.04042218456602405,0.38963223643427836,0.15558313641379332,0.36189035,17.897727273896468,5.549778958297021,0.2820854,0.4344490803486909,0.027223596218532986,0.1721715973958432,0.32789618908304324,0.008966038941228337,0.25144655208333333
0.725,1.45,0.2636363636363636,341.7342,1928.2227101063268,0.2287042851871994,0.396850453829781,0.13838193702980137,0.5113636359733048,0.19027290416277343,0.33367385221859547,0.071933117584589,0.5113636346432906,0.23024960216066165,0.2814108186327232,0.19081867826810192,17.89772727130995,0.19313189263983815,0.23402579640342702,0.12053153947026053,12.784090907415326,0.8091874999999995,0.0,0.8673097642343262,15.340909094996315,0.5113636358420657,5.549778958054347,0.3965133,0.4032510925114928,0.17561951879573373,-0.03191024148456692,0.40133422855131323,0.17004852323546313,0.38608798750000006,17.897727273896468,5.549778958297021,0.2860227,0.42937000301396944,0.03748068685705873,0.1528109115632237,0.3301896033615496,0.009189205258621179,0.25570902916666666
0.75,1.5,0.2727272727272727,339.3196,1914.5984180225296,0.23573938956465576,0.42234589792835814,0.1391237100999676,0.5113636359733048,0.19630390249464105,0.35299897766655913,0.07164086657099845,0.5113636346432906,0.237532785033475,0.28523056800781255,0.1966056511565634,17.89772727130995,0.1994455482919375,0.24269918315029726,0.12074833375057506,12.784090907415326,0.7973137500000007,0.0,0.8636830782482856,15.340909094996315,0.5113636358420657,5.549778958054347,0.4228025,0.41643874044842194,0.19100192129161736,-0.02322773793688402,0.413122058840082,0.18407725384305007,0.411007003125,17.897727273896468,5.549778958297021,0.2897702,0.4239039751392734,0.04203448524729806,0.13924430462068677,0.3319759258183501,0.009463053523554647,0.25947139375
0.775,1.55,0.2818181818181818,336.7753,1900.2422984380003,0.24272609487162888,0.4488546734966334,0.13982799388583383,0.5113636359733048,0.20231423057817458,0.3728784554700358,0.07133845171832998,0.5113636346432906,0.2447916061354593,0.29257553746594284,0.19711102086176432,16.875000000335312,0.20574547240834506,0.2511834078788953,0.12078111106421839,12.784090907415326,0.7850300000000001,0.0,0.8604564587018011,15.340909094996315,0.5113636358420657,5.549778958054347,0.4503055,0.4309028628462157,0.2082532189279248,-0.014441648206823001,0.4273054920254483,0.19965907298454555,0.436772,16.874999999630784,5.649774975367317,0.2931925,0.36705082712043235,0.10480249859046385,0.007453985657368351,0.30470986709789594,0.005375561874341233,0.2716156555555554
0.8,1.6,0.29090909090909095,334.1083,1885.1938485964167,0.24966518172201174,0.4764103232085565,0.1405308669925081,0.5113636359733048,0.2083081672712817,0.39325707231272594,0.07103134836437666,0.5113636346432906,0.25202410845701356,0.2994049240465199,0.19738004718832947,16.875000000335312,0.2120316476666313,0.259666188305011,0.12074592197442818,11.761363636101244,0.7722662500000002,0.0,0.8574212635908359,14.318181817175782,0.5113636358420657,5.549778958054347,0.4790163,0.4442769960801219,0.2237264811637494,-0.006363943731237908,0.43952161583464666,0.21458403339724363,0.46352483437499997,16.87500000034718,5.549778958210769,0.3000686,0.37542817647161775,0.17316370469195871,-0.02557556149946281,0.29551508111108876,0.006137112248867525,0.2821338541666667
0.825,1.65,0.3,331.3393,1869.569867489801,0.2565569295899925,0.5048642247975041,0.1412554294373373,0.5113636359733048,0.21428577273316138,0.41421308904640697,0.07072881895067314,0.5113636346432906,0.25923051062758096,0.30602088848541453,0.19765141680082682,16.875000000335312,0.21830196899708793,0.2685881821532238,0.12063635132713196,11.761363636101244,0.7590750000000004,0.0,0.8540412965611546,14.318181817175782,0.5113636358420657,5.549778958054347,0.5087821,0.45796161735579544,0.23869859378683164,0.0021472082765389994,0.4512130935003377,0.22785118613794697,0.49105111562500003,16.87500000034718,5.549778958210769,0.3082262,0.3720675208170145,0.18192551080283792,-0.033234597585731204,0.2913855919319118,0.006664503899729277,0.28654452500000005
0.85,1.7,0.3090909090909091,328.4049,1853.0126229396917,0.26340248560715235,0.5343760099588484,0.14191707142223334,0.5113636359733048,0.2202486154947753,0.4358230887434655,0.07041846944266847,0.5113636346432906,0.2664103834304304,0.3127899938016785,0.19796488031492743,16.875000000335312,0.22455619099625934,0.2774941331900198,0.12050846326706248,11.761363636101244,0.7454387499999994,0.0,0.8507555152757595,14.318181817175782,0.5113636358420657,5.549778958054347,0.5398537,0.472045789301392,0.2541993558455992,0.01046930050872621,0.46340533110415083,0.24154194981393912,0.519422015625,16.87500000034718,5.549778958210769,0.3171353,0.27834437220699804,0.24064592209818966,-0.2110125605924376,0.2891332509632574,0.012504705634310723,0.29013584166666667
0.875,1.75,0.3181818181818182,325.3506,1835.7788470300002,0.2702080802279409,0.5654537209303668,0.14249050127246116,0.5113636359733048,0.22620626076795858,0.4582350997818639,0.07010182657404584,0.5113636346432906,0.27353464547025347,0.3152191639776364,0.19827225834029824,16.875000000335312,0.230800411525528,0.2861330950702869,0.12039296759452309,11.761363636101244,0.7308987499999998,0.0,0.8477729498454291,14.318181817175782,0.5113636358420657,5.549778958054347,0.5733704,0.47368754740627544,0.2632421418133896,0.006476675347866498,0.4710483744927354,0.25261784043194346,0.5489887562500002,16.87500000034718,5.549778958210769,0.318097,0.5714774538621644,0.14032331564209485,0.2700219050261144,0.3333647755030612,0.011931673136262833,0.29224585833333333
0.9,1.8,0.32727272727272727,322.1305,1817.6095506914617,0.2769763950983115,0.5984157088271516,0.14299474495168846,0.5113636359733048,0.2321615585358036,0.4818162427277667,0.06978118667755076,0.5113636346432906,0.28065904778844114,0.3180247876684615,0.19857211437762323,9.71590908919773,0.23703778158406485,0.2942588724140509,0.12024027412382837,11.761363636101244,0.71500625,0.0,0.8454085323128883,13.295454542739327,0.5113636358420657,5.549778958054347,0.6085551,0.475572222755902,0.2656742946253971,0.007311291233673875,0.47722989524366927,0.26310116800850236,0.5803991375,16.87500000034718,5.549778958210769,0.318097,0.4872069784782518,0.07096662758531179,0.21940643663729803,0.3362656020047578,0.013520856233970122,0.29388501041666665
0.925,1.85,0.33636363636363636,318.7589,1798.5854211504484,0.2837136894413427,0.6334370044095338,0.14348966091592624,0.5113636359733048,0.2381204823961362,0.5067163417430932,0.06945967936372195,0.5113636346432906,0.28776275696348913,0.3295056967596075,0.19890686770936336,9.71590908919773,0.2432667425226001,0.30237985511656607,0.12005683350068705,10.738636363016308,0.6976262499999998,0.0,0.8426787185048227,13.295454542739327,0.5113636358420657,5.549778958054347,0.6457952,0.4789242300952463,0.271202134490368,0.008053774907827136,0.4848312115339228,0.2742963802155225,0.6134916687500003,8.693181818977497,5.549778957985781,0.3255653,0.34070031563947667,0.04982239417600762,-0.014245073962301836,0.3107726080554657,0.017842049166269226,0.3197926458333333
0.95,1.9,0.34545454545454546,315.1017,1777.9498040673445,0.2904336382297748,0.6707384667634572,0.14395488198699688,0.5113636359733048,0.2440934635271509,0.5335299905985866,0.06912878947463212,0.5113636346432906,0.2948480486831727,0.34068536362646573,0.1992516759553869,9.71590908919773,0.24949019004773787,0.31113612294855403,0.11985069887745804,10.738636363016308,0.6784424999999995,0.0,0.8400954564657346,9.204545455489798,0.5113636358420657,5.549778958054347,0.6859608,0.4838703968088316,0.2803846356781505,0.008580369588633832,0.4894998992445397,0.2833890752275923,0.6484190062500002,8.693181818977497,5.549778957985781,0.3378728,0.33623785466461154,0.04319739163015256,-0.014383643043522057,0.31594830856241435,0.020075933120101842,0.3321664479166668
0.975,1.95,0.35454545454545455,311.175,1755.793543102611,0.2971440452176582,0.7106228817851722,0.1443895273013812,0.5113636359733048,0.2500844425728696,0.5628552821934693,0.06879010744648875,0.5113636346432906,0.3019143040018787,0.35270722111737224,0.19963607977900052,8.693181821471851,0.25570755896926983,0.32073411037091865,0.11962111611957382,8.693181818225561,0.6569037499999998,0.0,0.8352359654423016,9.204545455489798,0.511363635653436,5.649774975381739,0.7331838,0.5284463011464746,0.3342078058735778,0.030019411108874332,0.5022409948070216,0.2988878938064471,0.6800292000000002,8.693181818977497,5.549778957985781,0.3496396,0.33917787833724516,0.04496052432397439,-0.00668121446547458,0.32168736042914686,0.022508681853394344,0.34436018333333324
1.0,2.0,0.36363636363636365,306.9778,1732.1109957928647,0.3038695853278572,0.7536430599659094,0.1448257245250149,0.5113636359733048,0.25611189379452154,0.5953408485870841,0.06844362594240609,0.5113636346432906,0.3089608866304346,0.36502824889434043,0.2000351272500201,8.693181821471851,0.2619200184178988,0.3321836940428887,0.11935259726847658,8.693181818225561,0.6323750000000007,0.0,0.8301071337925616,8.181818187453906,0.511363635653436,5.649774975381739,0.787171,0.544349670180683,0.35568882205130536,0.03661367090051827,0.5096277572478859,0.3122209450422236,0.7189294250000001,7.670454545499076,5.5497789581354535,0.362472,0.3657871912021437,0.058764854708475346,0.032314086360594955,0.3308724389438195,0.025536041924770346,0.35516652500000007
