psi0_deg,stack_dir_deg,g_max_MPa
5.000000000000000000e+00,2.862405226111775391e+00,1.651363787327897512e+02
1.000000000000000000e+01,2.862405226111775391e+00,1.552636501495273365e+02
1.500000000000000000e+01,2.862405226111775391e+00,1.403694298470509807e+02
2.000000000000000000e+01,2.862405226111775391e+00,1.197821449897792121e+02
2.500000000000000000e+01,5.710593137499699878e+00,9.525374104121674179e+01
3.000000000000000000e+01,5.710593137499699878e+00,6.867532708457083857e+01
3.500000000000000000e+01,2.022485943116816998e+01,4.229998993765654092e+01
4.000000000000000000e+01,3.686989764584398444e+01,2.184370439904555283e+01
4.500000000000000000e+01,4.302506598911804758e+01,1.460717749891669826e+01
5.000000000000000000e+01,5.313010235415600846e+01,2.184370439904532546e+01
5.500000000000000000e+01,6.977514056883183002e+01,4.229998993765611459e+01
6.000000000000000000e+01,8.428940686250027170e+01,6.867532708457112278e+01
6.500000000000000000e+01,8.428940686250027170e+01,9.525374104121769392e+01
7.000000000000000000e+01,8.713759477388821040e+01,1.197821449897795532e+02
7.500000000000000000e+01,8.713759477388821040e+01,1.403694298470500712e+02
8.000000000000000000e+01,8.713759477388821040e+01,1.552636501495271659e+02
8.500000000000000000e+01,8.713759477388821040e+01,1.651363787327886143e+02
