time,ur,eps_nom,Fx,Fz,epsm_IN_Z0,epsmax_IN_Z0,epsmin_IN_Z0,phimax_IN_Z0,epsm_OUT_Z0,epsmax_OUT_Z0,epsmin_OUT_Z0,phimax_OUT_Z0,epsm_IN_ZTOP,epsmax_IN_ZTOP,epsmin_IN_ZTOP,phimax_IN_ZTOP,epsm_OUT_ZTOP,epsmax_OUT_ZTOP,epsmin_OUT_ZTOP,phimax_OUT_ZTOP,tmin_Z0,phitmin_Z0,tmin_ZTOP,phitmin_ZTOP,hs_z0_phi,hs_z0_r,hs_z0_peeq,hs_z0_eta,hs_z0_szz_stt,hs_z0_srr_stt,hs_ztop_phi,hs_ztop_r,hs_ztop_peeq,hs_ztop_eta,hs_ztop_szz_stt,hs_ztop_srr_stt
0.025,0.05,0.009090909090909092,203.4199,1147.789337056572,0.008807096863245286,0.010008887542562609,0.008117826952346422,21.988636362096297,0.007226557497065716,0.008093598708344746,0.005122742194517727,7.670454546187576,0.008804190440172367,0.01154711092874943,0.007963789841907126,21.988636362096297,0.007218908169991563,0.007848749239494877,0.005203999054790886,2.5568181798319034,0.9960454282822322,12.27272727704456,0.9958833475555514,17.386363633667564,21.990950285832742,5.5247799583290105,0.004929948,0.452297852205714,0.19667722314323413,0.025990916595890364,22.245480210905917,5.524835465207972,0.00656032,0.3309267699431233,0.040084906537234,-0.04291772066591743
0.05,0.1,0.018181818181818184,209.2804,1180.8569937107145,0.01755644659428219,0.020257254678231976,0.016172437051551757,21.988636362096297,0.01434443466354602,0.015953612539749997,0.010211869232795814,7.670454546187576,0.017551841645646275,0.022866292137632194,0.015945410076979055,21.988636362096297,0.014330982911981866,0.015513479200534041,0.010303366112044387,2.5568181798319034,0.9915289375810941,12.27272727704456,0.9912648010753021,17.386363633667564,21.990950285832742,5.5247799583290105,0.01520776,0.4784890062057612,0.22567849078045799,0.04092951721447294,22.245480210905917,5.524835465207972,0.01817548,0.30819512686313155,0.02204158480494712,-0.07074705142242499
0.075,0.15,0.02727272727272727,212.7081,1200.1976654474956,0.026230098971823764,0.03014204887348137,0.024772858572791864,21.988636362096297,0.021418848724734676,0.023891385375773695,0.014976987993170477,6.64772727481644,0.02622457090002646,0.03385962524129871,0.024027135371994367,21.988636362096297,0.021398260480164227,0.023181697720012072,0.01528138312272074,2.5568181798319034,0.9871498877256905,11.24999999953625,0.9868148689344148,17.386363633667564,21.990950285832742,5.5247799583290105,0.02518872,0.48942670158788126,0.2362109002370127,0.04824467636795704,22.245480210905917,5.524835465207972,0.02950873,0.29101280260187384,0.009251805184460248,-0.09400917167762618
0.1,0.2,0.03636363636363637,215.2951,1214.794718218465,0.03482304166188449,0.040435875332232446,0.03296529892738556,21.988636362096297,0.028445556493022117,0.03162940129554642,0.019984641919549864,0.5113636346432906,0.03481513037459426,0.044892379653477234,0.032030698406298824,21.988636362096297,0.028414927302011207,0.030760408579979845,0.02030629221808048,2.5568181798319034,0.982863129944771,11.24999999953625,0.9824110497020104,17.386363633667564,21.990950285832742,5.5247799583290105,0.03562617,0.49252664122025636,0.23838568265949375,0.05104292635294858,22.245480210905917,5.524835465207972,0.04100889,0.279142048680635,-0.0005761922608510538,-0.1098132664532662
0.125,0.25,0.045454545454545456,217.0261,1224.5618223338686,0.043346177679964154,0.05094982109245055,0.040932029143702454,21.988636362096297,0.035433058264268444,0.039240021349252564,0.02514789530387411,1.5340909064686465,0.04333623904708419,0.05596292761421929,0.03995648542829326,21.988636362096297,0.03539101390567408,0.03822747201783445,0.02540166013990544,2.5568181798319034,0.9786676610141701,10.227272722905662,0.9780577595046619,17.386363633667564,21.990950285832742,5.5247799583290105,0.04630038,0.4927164426166869,0.23750109522085003,0.05211867683237702,22.245480210905917,5.524835465207972,0.05257297,0.26961900451702997,-0.00868569433223831,-0.1228391823194331
0.15,0.3,0.05454545454545454,218.2573,1231.5088232506127,0.05180000665406938,0.0616374801273462,0.04877025799891491,21.988636362096297,0.042381454424686535,0.0467087772821062,0.0304286687778269,1.5340909064686465,0.05178662628322548,0.0671228248940694,0.0477212075453399,21.988636362096297,0.04232563059151646,0.04559119219934307,0.03046673239125537,2.5568181798319034,0.9745660471645226,10.227272722905662,0.9737291365101873,17.386363633667564,21.990950285832742,5.5247799583290105,0.05716367,0.4926352076983781,0.23640022223179175,0.05295826774832064,22.245480210905917,5.524835465207972,0.06425896,0.2642435566415139,-0.021123846605258016,-0.12298612555477399
0.175,0.35,0.06363636363636363,219.213,1236.9013255054315,0.06018148843490547,0.07259389792240147,0.05625448134861975,21.988636362096297,0.049288507765014915,0.05389715629182899,0.035867337998217015,1.5340909064686465,0.060166653877034376,0.07839294091325932,0.05527063749739651,21.988636362096297,0.04921797599287966,0.05282148452798452,0.03556917691649966,2.5568181798319034,0.9705314687230964,11.24999999953625,0.9694540734895284,17.386363633667564,21.990950285832742,5.5247799583290105,0.0683107,0.49190814259446913,0.23478483157043992,0.0532189793132941,22.245480210905917,5.524835465207972,0.07605906,0.25974336117309194,-0.025523197436493627,-0.12884095313330224
0.2,0.4,0.07272727272727274,219.682,1239.5476408319041,0.06849359689523192,0.08292119366252931,0.06429217700594185,21.988636362096297,0.05615356618507456,0.06145275646719678,0.04103802180312259,1.5340909064686465,0.06847801640092277,0.0893282262939515,0.06290920398325632,21.988636362096297,0.05606865507739875,0.06010048708606389,0.04069187078687111,2.5568181798319034,0.9659764832710148,22.499999999173898,0.9653648319620604,17.386363633667564,21.990950285832742,5.5247799583290105,0.07881836,0.4903567101132074,0.23221314966341672,0.05308197594775413,22.245480210905917,5.524835465207972,0.08742857,0.2534442321342101,-0.02962240696118416,-0.1392908051114149
0.225,0.45,0.08181818181818182,220.0285,1241.5027543939996,0.07673873944618319,0.09359630346322244,0.07200519317300924,21.988636362096297,0.06298085098382812,0.06875422595672512,0.04657174610201488,1.5340909064686465,0.07672313839944694,0.10032572129915561,0.07035593047689291,21.988636362096297,0.06287974899451212,0.06724726396170244,0.04596330380071684,2.5568181798319034,0.9610215302826475,22.499999999173898,0.9609381006399653,22.499999999173898,21.990950285832742,5.5247799583290105,0.08968436,0.48834383142332644,0.22917341649137452,0.05264474296541902,22.245480210905917,5.524835465207972,0.09886591,0.24835646656138582,-0.03485823944386687,-0.14608205364758545
0.25,0.5,0.09090909090909091,220.2495,1242.74973880157,0.0849162289345484,0.10467383125287777,0.07925159058563438,21.988636362096297,0.06977004446812375,0.07568861563062888,0.05243913904439044,1.5340909064686465,0.08490127639482,0.11152958664923544,0.07760806177671924,21.988636362096297,0.06965053807725108,0.07422981768486021,0.05129709875409274,2.5568181798319034,0.9558003648900429,22.499999999173898,0.9562761693713385,22.499999999173898,21.990950285832742,5.5247799583290105,0.1009589,0.48633942467351166,0.22621570207575767,0.05209337051650164,22.245480210905917,5.524835465207972,0.1105392,0.24499238885243332,-0.03950697580109022,-0.14955058420559647
0.275,0.55,0.1,220.26,1242.8089846670878,0.09302638161870566,0.1155605914545088,0.08652531411791174,21.988636362096297,0.07651880127648994,0.08262785592738528,0.05824714393420568,1.5340909064686465,0.09301388800025719,0.12269447014655452,0.08483981142281251,21.988636362096297,0.07638173268588185,0.08117412852565051,0.05667822355464745,2.5568181798319034,0.9506366996331139,22.499999999173898,0.9516100993067449,22.499999999173898,21.990950285832742,5.5247799583290105,0.112051,0.485513387781448,0.2249064995046458,0.05187312145654847,22.245480210905917,5.524835465207972,0.1220974,0.24122936674412604,-0.04242957907998271,-0.15570582985077355
0.3,0.6,0.10909090909090909,220.1143,1241.9868777522327,0.10107163355382774,0.12627413119629977,0.09391026871952814,21.988636362096297,0.08322872954275129,0.0896087577001089,0.06408614375803365,1.5340909064686465,0.1010625039382741,0.13374940367449747,0.09205211359525745,21.988636362096297,0.08307407770940269,0.08808251746101982,0.06213612875331344,2.5568181798319034,0.9455088519474659,22.499999999173898,0.9469722941541739,22.499999999173898,21.990950285832742,5.5247799583290105,0.1229648,0.4843596078502708,0.22288384294437036,0.051752472434595825,22.245480210905917,5.524835465207972,0.1334609,0.2376507155900044,-0.04533906615109411,-0.16152663176956306
0.325,0.65,0.11818181818181818,219.9142,1240.8578208293602,0.1090533028472344,0.13751070129898163,0.10076286060130854,21.988636362096297,0.0899042020767464,0.09617238328001898,0.07045536735308311,1.5340909064686465,0.10904516220181576,0.14500212323159956,0.09900454713490003,21.988636362096297,0.08972702041185678,0.09479020223109469,0.06765838064313037,3.5795454527717845,0.9400486091290695,22.499999999173898,0.9422723600845627,22.499999999173898,21.990950285832742,5.5247799583290105,0.134412,0.4815516932255284,0.21806128308130995,0.05152349965423682,22.245480210905917,5.524835465207972,0.1450421,0.23896870915221355,-0.04906170315483534,-0.15503424169976177
0.35,0.7,0.12727272727272726,219.6092,1239.1368694976456,0.11697114035572198,0.14879675174694257,0.10737661017193542,21.988636362096297,0.09654274391801974,0.10254509794658952,0.07702522822346139,1.5340909064686465,0.11696823883914534,0.1563544493888055,0.10583221945599344,21.988636362096297,0.09634374938497195,0.10140269342699497,0.0733936203325997,3.5795454527717845,0.9345286835679314,22.499999999173898,0.9374889030582402,22.499999999173898,21.990950285832742,5.5247799583290105,0.1459095,0.48015587980271185,0.21534615737121293,0.051581065221067667,22.245480210905917,5.524835465207972,0.1567004,0.23938728988316685,-0.04970254659790403,-0.153527651095553
0.375,0.75,0.13636363636363635,219.1539,1236.5678559195155,0.12482618128900663,0.15966438117111037,0.11421494528084189,21.988636362096297,0.10314164391073023,0.10906601543968202,0.08343924012462885,2.5568181798319034,0.12482991527613034,0.16752119510243374,0.1127147364262492,21.988636362096297,0.10292265163846842,0.10803098787140544,0.07916643251073326,3.5795454527717845,0.9292175659462169,22.499999999173898,0.9327871642727207,22.499999999173898,21.990950285832742,5.5247799583290105,0.1569855,0.4796461208504369,0.2138997201477877,0.05189397235964271,22.245480210905917,5.524835465207972,0.1680782,0.23833327724855477,-0.04987097515139546,-0.1559906149898175
0.4,0.8,0.14545454545454548,218.6294,1233.6083838753048,0.13262012742559937,0.17030921037275934,0.12116722483183738,21.988636362096297,0.10970270806001188,0.11565247491471461,0.08986551502994405,2.5568181798319034,0.13263165363397628,0.178554238836299,0.11960084813630201,21.988636362096297,0.10946453946311094,0.11463961327853019,0.08501790813416127,3.5795454527717845,0.924015131744507,22.499999999173898,0.9281443684570587,22.499999999173898,21.990950285832742,5.5247799583290105,0.1678362,0.47912911773992517,0.2123015847741643,0.05233589713371595,22.245480210905917,5.524835465207972,0.1792443,0.2366391817556345,-0.05066816762089178,-0.15938348301972222
0.425,0.85,0.15454545454545454,218.0923,1230.577816792472,0.14035434977658193,0.1811498258308665,0.12783621620355773,21.988636362096297,0.1162294715473539,0.12201967144037888,0.09662763356052227,2.5568181798319034,0.140374060982192,0.18967010191335304,0.12631973333560162,21.988636362096297,0.1159701017579318,0.12116593779819367,0.09098983059265557,7.670454546187576,0.9187007162944646,22.499999999173898,0.9234672305187807,22.499999999173898,21.990950285832742,5.5247799583290105,0.1788869,0.47759117851705785,0.20902067309601818,0.052697536834744756,22.245480210905917,5.524835465207972,0.1904573,0.2357117032940993,-0.05195689138163216,-0.16050436029563836
0.45,0.9,0.16363636363636364,217.5448,1227.48856809046,0.14802791312721353,0.19217518012170406,0.13415684847662,21.988636362096297,0.12272075146492065,0.12812860863646042,0.10362610040656663,2.5568181798319034,0.14805858047654755,0.20096241599863704,0.13287514797429753,21.988636362096297,0.12244063530244466,0.12769021301116826,0.09712774503427375,9.715909090054653,0.913293887202917,22.499999999173898,0.9187204356623695,22.499999999173898,21.990950285832742,5.5247799583290105,0.190127,0.4775153027878553,0.20791233162798842,0.05336803179783367,22.245480210905917,5.524835465207972,0.2018001,0.23530819942372566,-0.052529118021533275,-0.16105013777871646
0.475,0.95,0.17272727272727273,216.9537,1224.153307984963,0.15564279675023396,0.20314799263459615,0.1403899811208571,21.988636362096297,0.12917662394839527,0.13414566479095577,0.11076111038047448,2.5568181798319034,0.15568635107749193,0.21225509915232485,0.139355603970882,21.988636362096297,0.1288766653262567,0.13418074642871103,0.10342561933474205,9.715909090054653,0.9079046542669424,22.499999999173898,0.9139666602075741,22.499999999173898,21.990950285832742,5.5247799583290105,0.2013188,0.4777446225822518,0.2070074133803221,0.054308946290937604,22.245480210905917,5.524835465207972,0.2130967,0.23500787476340973,-0.05214203333213648,-0.1622550702857566
0.5,1.0,0.18181818181818182,216.3658,1220.836103762291,0.16320006098634524,0.21472056840778095,0.14598868004653698,21.988636362096297,0.13560276320445144,0.1397496199371051,0.11856608787402415,10.738636363016308,0.16325561563665045,0.2238949579903356,0.14551596097379652,21.988636362096297,0.13527825334436197,0.14060691909038167,0.10991152175280688,10.738636363016308,0.9021970935555909,22.499999999173898,0.9090525856390703,22.499999999173898,21.990950285832742,5.5247799583290105,0.2131339,0.47540506344746847,0.20169028591590854,0.05522967774353892,22.245480210905917,5.524835465207972,0.2247181,0.23648568203062076,-0.05301665707974403,-0.15804460588647454
0.525,1.05,0.19090909090909092,215.7171,1217.1758377659523,0.1707010261837387,0.22615496220954245,0.15143207704785613,21.988636362096297,0.14199500773826715,0.14610186020693577,0.1265798668123849,11.761363636101244,0.1707725784552874,0.23551726511836843,0.15157304134459412,21.988636362096297,0.141648617513828,0.1469854176598476,0.11676980336938114,10.738636363016308,0.896536167779999,22.499999999173898,0.904121114437645,22.499999999173898,21.990950285832742,5.5247799583290105,0.2248096,0.47556786979980226,0.2002862337340834,0.05650644374477459,22.245480210905917,5.524835465207972,0.2362746,0.23842346354015373,-0.051280295558864326,-0.15521516962640172
0.55,1.1,0.2,215.0789,1213.5748176351317,0.17814488512687832,0.23798694824158018,0.15627966192154324,21.988636362096297,0.14835615153665957,0.1527077336517598,0.13506228318714517,12.784090907415326,0.17823737376232857,0.24750020538813589,0.15733764039853612,21.988636362096297,0.1479887995182013,0.15333172148156177,0.12396887437033417,11.761363636101244,0.8906844723462474,22.499999999173898,0.8990391631605251,22.499999999173898,21.990950285832742,5.5247799583290105,0.2368967,0.4768501427058588,0.20026046215457918,0.058247018353636056,22.245480210905917,5.524835465207972,0.2481622,0.24051516162451167,-0.0502790909648722,-0.15132703696457858
0.575,1.15,0.20909090909090908,214.3129,1209.252690684006,0.1855331890157947,0.24910950561042963,0.1615299854107274,21.988636362096297,0.15467784038316904,0.15938349988269,0.14316507525344319,13.806818179413543,0.18564547037246096,0.25911169937320205,0.16327899271023114,21.988636362096297,0.15429232551960131,0.1596628173596237,0.13115246819444065,11.761363636101244,0.885230171903002,22.499999999173898,0.8941394984565616,22.499999999173898,21.990950285832742,5.5247799583290105,0.2482619,0.477766893308071,0.1995577504256089,0.06004682306325376,22.245480210905917,5.524835465207972,0.2595694,0.24148637424828615,-0.04840653031885014,-0.15093999295146665
0.6,1.2,0.21818181818181817,213.5725,1205.0750107954764,0.19286769198862286,0.2607903266312636,0.16610982096570956,21.988636362096297,0.16097256013510902,0.16618344677754612,0.1519905620619548,13.806818179413543,0.19300540541152675,0.27109550606337934,0.16884702452796033,21.988636362096297,0.16056908860274038,0.1659522326551536,0.13881186888829572,12.784090907415326,0.8794835156061664,22.499999999173898,0.8890601734030397,22.499999999173898,21.990950285832742,5.5247799583290105,0.260203,0.47846366404440793,0.19802008149973468,0.06223312694764591,22.245480210905917,5.524835465207972,0.2713266,0.24337191329237837,-0.0470447326617403,-0.14789487785923286
0.625,1.25,0.22727272727272727,212.7628,1200.5063081945277,0.20014863734558924,0.2722268400106617,0.17070053625409443,21.988636362096297,0.1672330594412822,0.17297187544118797,0.1608602544112859,14.8295454544869,0.20031196456697023,0.2829610564422027,0.17439362324003174,21.988636362096297,0.1668131475341289,0.1722925095322899,0.14664984216568194,12.784090907415326,0.8738770032937283,22.499999999173898,0.8840294846470569,22.499999999173898,21.990950285832742,5.5247799583290105,0.2718973,0.4790823352289439,0.196315878009048,0.0644647273472821,22.245480210905917,5.524835465207972,0.2828935,0.24510177767693844,-0.045004491625374524,-0.1458793764726379
0.65,1.3,0.23636363636363636,211.9688,1196.026192268687,0.2073770466334451,0.28402059807418656,0.174831842811311,21.988636362096297,0.17346590200016834,0.18004813794634178,0.16765241536684117,14.8295454544869,0.2075702898047064,0.2950989954303133,0.1796596882778442,21.988636362096297,0.1730294319999273,0.1786231162315002,0.15485358477726038,12.784090907415326,0.8680943264770294,22.499999999173898,0.8788640385872586,22.499999999173898,21.990950285832742,5.5247799583290105,0.283961,0.4793766802246636,0.19399600199833342,0.06676911620277921,22.245480210905917,5.524835465207972,0.2947042,0.24754296367193754,-0.043211783172253306,-0.14197710472570552
0.675,1.35,0.24545454545454548,211.1378,1191.3373051976876,0.21455355536631354,0.29582541079756913,0.17868593073685327,21.988636362096297,0.17966806009071926,0.18714595163752612,0.17166947786633185,14.8295454544869,0.2147793632903283,0.3073162139212795,0.18474788571610587,21.988636362096297,0.1792173928835964,0.185040391856727,0.1634735332879647,13.806818179413543,0.8623184482655373,22.499999999173898,0.8736522481715691,22.499999999173898,21.990950285832742,5.5247799583290105,0.2960371,0.4799066833403306,0.19195751680747564,0.06919231842556202,22.245480210905917,5.524835465207972,0.3065389,0.25017255181246406,-0.0406529979717793,-0.1383915709049775
0.7,1.4,0.2545454545454545,210.3328,1186.7951221746375,0.22167843350692334,0.3080911186587459,0.18186010573846692,21.988636362096297,0.18584445889418588,0.19444848743078325,0.1751529894109694,15.852272728395002,0.22194432544837595,0.3199478006143275,0.18946930474043666,21.988636362096297,0.18538237965092186,0.19150395879010873,0.17264631613454998,13.806818179413543,0.8563205031518153,22.499999999173898,0.8682597596918493,22.499999999173898,21.990950285832742,5.5247799583290105,0.3085948,0.48195500282687753,0.19180226932694433,0.07218814652213801,22.245480210905917,5.524835465207972,0.3187528,0.2532768369781171,-0.038024906409001254,-0.1337970190982746
0.725,1.45,0.2636363636363636,209.4819,1181.9939500823227,0.22875296274930934,0.3205359113565714,0.18462069822756338,21.988636362096297,0.19199353626584822,0.2022073826916862,0.1782938588229674,15.852272728395002,0.22905810984045075,0.33283824651512617,0.19393707185276207,21.988636362096297,0.1915204539179072,0.1981606139749298,0.18224994576890255,14.8295454544869,0.8502741429928241,22.499999999173898,0.8627309620870908,22.499999999173898,21.990950285832742,5.5247799583290105,0.3213479,0.4817537622048794,0.18824068376466616,0.07490497419360387,22.245480210905917,5.524835465207972,0.3311539,0.2565460106493638,-0.0352619710096108,-0.12901672101575315
0.75,1.5,0.2727272727272727,208.6098,1177.0731577662957,0.23577762595105073,0.33306852405862525,0.1869892725828865,21.988636362096297,0.19811427562767356,0.2126461379620669,0.18112294008746954,21.988636364213363,0.2361309633881328,0.3458829099075028,0.19816802770225567,21.988636362096297,0.1976354389218761,0.20491350147926424,0.19059086468158146,14.8295454544869,0.8441991301365719,22.499999999173898,0.8571419974662411,22.499999999173898,21.990950285832742,5.5247799583290105,0.3341895,0.48351333183365586,0.1875083316630955,0.0780083027278561,22.245480210905917,5.524835465207972,0.3436631,0.2603611197392463,-0.03233000204392453,-0.12318775632116266
0.775,1.55,0.2818181818181818,207.7205,1172.0553150800863,0.24275399831904004,0.3460386492757092,0.18866729619074007,21.988636362096297,0.2042128610089597,0.22473349650042698,0.183393841306864,21.988636364213363,0.2431645673264496,0.3593271621208117,0.20195437097422686,21.988636362096297,0.20373321218457657,0.2118721830490996,0.19460051381035776,15.852272728395002,0.837906471635032,22.499999999173898,0.8513676659750703,22.499999999173898,21.990950285832742,5.5247799583290105,0.3474899,0.4856819631960994,0.1868844124217032,0.08160060185695127,21.990950285832742,5.5247799583290105,0.3568379,0.4701043653854604,0.13861742792955073,0.10432983057023115
0.8,1.6,0.29090909090909095,206.7967,1166.8428074071749,0.24968248833353482,0.35892076411788026,0.19012859588837336,21.988636362096297,0.2102826382039156,0.2370130231452793,0.18547721079844381,21.988636364213363,0.2501533555127385,0.37283547587156074,0.2055769318901989,21.988636362096297,0.20980616139493644,0.2189976451269365,0.1984803269639944,15.852272728395002,0.8316933819164694,22.499999999173898,0.8455675433623705,22.499999999173898,21.990950285832742,5.5247799583290105,0.3606997,0.4880544903506549,0.18651091127255162,0.08526653380159929,21.990950285832742,5.5247799583290105,0.3704764,0.4627463504970017,0.13091766029306637,0.10041560246967662
0.825,1.65,0.3,205.8575,1161.5434057981704,0.25656275172352355,0.37170251367993523,0.1914028935317774,21.988636362096297,0.21632315185711828,0.24941936371216206,0.1873997895772438,21.988636364213363,0.25709984197754965,0.3863953230670773,0.2090653854121423,21.988636362096297,0.2158552835461123,0.22636668515201647,0.20224622168339185,16.87499999824505,0.825555002406225,22.499999999173898,0.8397540275981532,22.499999999173898,21.990950285832742,5.5247799583290105,0.3738166,0.4911486825923143,0.18713901879521466,0.08907305486086574,21.990950285832742,5.5247799583290105,0.3841676,0.4560593127931516,0.12389831544115838,0.09676757227255466
0.85,1.7,0.3090909090909091,204.9153,1156.227076799018,0.2633974190592282,0.38486663340647526,0.19214965080116067,21.988636362096297,0.22234240703991087,0.2626099181267997,0.18886083429724904,21.988636364213363,0.26401125062425623,0.40028130537222684,0.21214395409812598,21.988636362096297,0.22188933039685982,0.23851425694335415,0.20565119922852051,21.988636364213363,0.819239219478241,22.499999999173898,0.8337692010873331,22.499999999173898,21.990950285832742,5.5247799583290105,0.3873258,0.49315831975252933,0.1857528287370434,0.09310394268101047,21.990950285832742,5.5247799583290105,0.3981855,0.44789281851255175,0.11539637227565293,0.0920944328352308
0.875,1.75,0.3181818181818182,203.9457,1150.7561443031802,0.2701872662202953,0.3981633063564069,0.19255454845445907,21.988636362096297,0.2283380217710991,0.2763168762005535,0.19000608393200796,21.988636364213363,0.27088517756738145,0.414351276419193,0.2149212871545471,21.988636362096297,0.22790563333129082,0.25159126262452647,0.20878790345035747,21.988636364213363,0.8128760806835046,22.499999999173898,0.8276817937040037,22.499999999173898,21.990950285832742,5.5247799583290105,0.4009746,0.49545119309052765,0.1847594115448177,0.09719722196346425,21.990950285832742,5.5247799583290105,0.4124021,0.43990481705166967,0.10704841928951933,0.08738632438450211
0.9,1.8,0.32727272727272727,202.9528,1145.1537424105263,0.2769323117839892,0.41138493079885313,0.19276920552943244,21.988636362096297,0.23430667847079825,0.29027318278304265,0.19096481421258485,21.988636364213363,0.27771982776146675,0.4284847305619396,0.21749762647752377,21.988636362096297,0.23390142060496896,0.26517705385980356,0.21165035073785615,21.988636364213363,0.8065764042137238,22.499999999173898,0.8215664488465324,22.499999999173898,21.990950285832742,5.5247799583290105,0.4145558,0.4984239553768567,0.18474169030057538,0.10137843467008748,21.990950285832742,5.5247799583290105,0.4266769,0.4325533375493056,0.09930228231273991,0.08296729661215015
0.925,1.85,0.33636363636363636,201.9536,1139.5157929985617,0.28363217023090487,0.4246255143741645,0.1927752653842573,21.988636362096297,0.24024930873290165,0.30451571246251696,0.19171337390890508,21.988636364213363,0.28451739908199436,0.4427209168333516,0.21985230202485487,21.988636362096297,0.23987800054422276,0.2792224458772074,0.21431866542137373,21.988636364213363,0.8002959571031417,22.499999999173898,0.8154129644051462,22.499999999173898,21.990950285832742,5.5247799583290105,0.4281579,0.5020134387668426,0.18558462108563675,0.10563908368708913,21.990950285832742,5.5247799583290105,0.4410592,0.4254838600997622,0.09191742507760638,0.07852269776544048
0.95,1.9,0.34545454545454546,200.9381,1133.7858714334593,0.29028860872036855,0.4378872090601018,0.1926523969313912,21.988636362096297,0.24616657782348758,0.31905315901507875,0.19226918081689362,21.988636364213363,0.29127996668126704,0.4570612346483927,0.22199346318841245,21.988636362096297,0.24583650775854995,0.29376139156496633,0.21678413730883703,21.988636364213363,0.7940315207799102,22.499999999173898,0.8092121754004261,22.499999999173898,21.990950285832742,5.5247799583290105,0.4417867,0.505483104923225,0.18620070510104447,0.10991048300641199,21.990950285832742,5.5247799583290105,0.4555482,0.41852123660219187,0.08453388685351425,0.07412032398117323
0.975,1.95,0.35454545454545455,199.8944,1127.8968324009656,0.2969028196409996,0.4510193225175563,0.19250673260999968,21.988636362096297,0.2520570444936228,0.33371504288758713,0.19273034567928085,21.988636364213363,0.2980056281422305,0.47137750638726145,0.22397362593313766,21.988636362096297,0.25177420297880637,0.3087196847141358,0.2191052398670174,21.988636364213363,0.787852516358531,22.499999999173898,0.803019356159808,22.499999999173898,21.990950285832742,5.5247799583290105,0.4552838,0.5086692484984475,0.18643417365628195,0.11411161399992029,21.990950285832742,5.5247799583290105,0.4700124,0.41195341134023294,0.07740066634467029,0.07000944704060144
1.0,2.0,0.36363636363636365,198.8305,1121.8938156081422,0.30347646301737974,0.46411566315688846,0.192339522695613,21.988636362096297,0.25792229223798047,0.348596954279857,0.193065992072069,21.988636364213363,0.30469684227672833,0.4857155591068351,0.22573677871079212,21.988636362096297,0.25769288789723416,0.3241723031726623,0.22122610600114448,21.988636364213363,0.7817152438622632,22.499999999173898,0.7968063245048539,22.499999999173898,21.990950285832742,5.5247799583290105,0.4687436,0.5113714605689038,0.18605947260077577,0.11817993514409489,21.990950285832742,5.5247799583290105,0.4845022,0.40532346589563784,0.07013667239065974,0.06578981469464368
